id,
"0xAdbA5A13cb97116cC0aCF653C916374b1b425365",
"0x2b2Bf5b57ED4EE9EE0c293359dD5cC625F434edf",
"0xe1D08c9bFF3cCf10e543fA2C0FB0B2976092A56f",
"0x54bC5E6924d3724E5638c989cBae3d78a264e67d",
"0xc58cDBa8478B3cc2a88093fdBeaE6a3C20c7B3d0",
"0x9EDdd30BcD2f3111eE5426D2f9b2Ec36A82248F9",
"0x2904eC64c329Bec40A0443832D47d1A3a4D26f9C",
"0xDc3Cc1Bbef674f7A8763c04575686DDF0Cf4CCAb",
"0xBb8E78e78cD8fc8661EFDfeB23edC722b395b819",
"0xDAc6A5704110acE13C8147c97621230347Cab5bB",
"0xa396605E24Ae158c423bE8F3EaF673ba9E9E376B",
"0x1DcBed0302bbA9252b44674F03e9e62286E6AFf9",
"0xD737b7e46b2804DCF2c7D674F9818e3af9BB65e0",
"0x2CF2f34aF66fed1732867CB82CBCF406a0b54B4b",
"0x9C0d5683091e7f5aD3CEDecEC3E85Ee690377a04",
"0xc7511d659c4E926D0ec03dEfA60425CbfA03BD32",
"0xE2D7E5c985F9b927489Ff328a0Deab4B3a5f7927",
"0x695534C7b9285E2213826EDAd7A534b7B5D61cA3",
"0x207Dc973005E1961e218876C9e88C742A3697969",
"0xbE3AFD1fFC8C29a29d91beE7366B3BbbbcC9D043",
"0x3841f8A3a9632A5cc745614155bC0e4711013C7C",
"0x19B9A014211eE612DEd505cA313bBB3e239beE9b",
"0xAfBd84307156B9deD9e54880E53AdF908C44Dc1D",
"0x7db9C566638088A3B2425E46013694Ccf3E6137E",
"0x683955682e8bA217a856c2A558E49EFAff7DAb6a",
"0x47BE541d9Ea030F5161546ECE40A33F8123890e3",
"0xE9a81c90AB2C3Efbb666175aD9a0662260043709",
"0xD6Ebc36108bBC6e83ca17819deE98a33C6b8C080",
"0x16111D73c62251e5d3d083Bf048b43398516d9B4",
"0xF7c88a2Aed7300B497A4A1bf8BCF4dB0625dFD47",
"0x33a90ed337Cf440FA7FD8d95FE2762aae8F6CD79",
"0x1B479060A6B6aC76A5d4A4db07a4e70A650D35C2",
"0xC2782E0b1d1C2d235cb75E47BDf450A40C3DABFa",
"0xf1dcA25a74245098314C4E8d4EAad573294a0D4B",
"0x2C87cc9BA7c0EB9763648B7CF15495573643636b",
"0x2f6b7049424Ff8CF56433bc18B209ac86b1a8af8",
"0x810d7c00f1Dba2826b212197Bc025C2d1413b175",
"0x9ff7EB100Ec36Db1afd32a358f35EECD8862BE23",
"0xc84724B3b778cca422008b2F2b4AfB561152700c",
"0xAE3aB00e0Dac4317d0f340e1aaF758BE18e6d227",
"0x046672e676943C8D138135Abc12F3e8a8166054E",
"0x5940bE0332C2E308829e24f0CA1DABA690B40202",
"0x14d66A3fe88108A52e7be5e371c522CF3f018FeE",
"0xa5339D9494E0B39e9689f246B0ed6C25E18CE29c",
"0xD5dC85061295992b2E271f11f1ff13d5AE632b6e",
"0xACAbFf46195989fb52456F632029218e5c537fEf",
"0xdf939fC849d94de1c5c1f87a7303F0B7f5439457",
"0x06f0D59c944a2C1709DD2d68260edF18771bB7b0",
"0xe2719238C0119633F569cdb6813D10dA72179f89",
"0xA8F0cD6Eee5163FB97ec28321955DaAa66E96370",
"0xDD0f6216D9AbD49440BB10B2d5Ad371A0555B39E",
"0x36772B7865e972D70E20c07C53BcAd4240979c61",
"0x818ACE5A41eFb68734E762045D5191Deb15f6C9C",
"0x72843655C03d4FAAe8379329e4E64e57D322FaD9",
"0xf651638E6F786E011002967C7Dc798A9dea354eb",
"0xebF5dB3301a83014Bc9eCAb324Aa1585e25F586f",
"0x4e75c894A9f6137069c1e3Def11059de355eaA06",
"0x9a2BB16238d3aa27AB1e90dD31F6f0F672ED4E5e",
"0xE4FcD3892c81515735eb232Ab0F23f38b9C3d28F",
"0x53A9E7af0f71e13A23dCc49e86B1125d19328BC4",
"0x59F3406037D4DB9f6D898389f3c71f3f3515fa11",
"0x58c948DFF805AcDac418c859c102F17Bc7ec4b74",
"0x2856bc891B45BedbE2d4Ee74Ef0E473e4C1Cdcb8",
"0x4171EdF084807EC7A6Be9C0687e5Df767D3f189a",
"0x0Ab2E2F501c95c88925f9b90c7F51B55044bC677",
"0xc8aeA90C548c1b43AA7aF9D26592520FfaF27C32",
"0x9FAE9865ce5d4aD57786220834c4716650332Fe7",
"0x4D819db9cA092CfDBb4034054FBEB0986c01c729",
"0x3118f15AA081961fB51d7f14E18a0CA128d9BE49",
"0xfF620300B317f24caB20F034c21Ba17dF8C6b371",
"0x2f3E6FBa758E5adc4AC534ab3384e308777cd1c3",
"0x4CDe36D8B74ECA247d7D237aa65fD63E6A38E4d2",
"0x196F98294CCc486b2FD04710a78Cf26D7Da84D27",
"0x7342495881511C4dab1b276d89bC89dE6B444D27",
"0x612170A5b5F5eEf8397371D28893d71884d94632",
"0x1A3e2c81262b5537edc36eA37EA7574Bd5E07707",
"0xeE41020B3302b7Dc1363e542482D4609635e2B74",
"0x7fCe594367f1EE4cEF4389EB11a7E2DcEadE01f3",
"0x2FeAE8E16Fad183B2df067C27b1A54e05497f149",
"0x5a3FC825E5796e38A47d418498b1FFC83c5c2750",
"0x3341c3ff73f9541Fcd341Fe977774Fa32D975881",
"0x1cb2cB2feB911fBCDaF19550ef611e4af2534be0",
"0x1db3fb9AB65B2412e604FdF5450AEe88F8DDE789",
"0x01E0FaF4D125edC57B8fbC4002De55C8B40E074D",
"0x18B5E55d3a2b9643890D6BDc87b5253e1C955Ad2",
"0x34c0121123026828B007e805A0ef608e6285a008",
"0x499b25158b4e09ddAF16E4F9d517E01A0aeeC621",
"0x42A15db3E4BA4F3098eb5577F00d10e3D6506065",
"0x1D2a8D568993A114D5d4356a67034F61FC1B5295",
"0x1646a9573ac6d91B62F2f70710F2849a8D726101",
"0x00744a536364fc2bc1aa756Fe2014A54e3aD31FF",
"0xECbcdaC9Dd788f1b030dE98bb1C8eb1a6d011BC0",
"0x73d5F2c7EfA0472BA557d0d5B5e9cB2FafB82fa0",
"0xA154b22b037eFE229Dbd02Edbe81cE948529680D",
"0x7c40FF8aC51712Ed2B65A3ebe78374EB02152fD6",
"0xdb5378026Bd7FA825Ba678816D32FB529a702123",
"0xCAE71f51137dc1db7c128e9F2E90c152bA59Beff",
"0xd43a3C31f1847B6039F9cc96C966d6E69bad0c6D",
"0x16E34aC1d112887baa147F5A9aAD4e1cA969EEfF",
